"present_day","drift","final_price","future_day"
3,-0.237670569730976,1318.02242783037,6
4,-0.584488290497409,1298.90022003124,8
5,-0.53997961846726,1294.63879581071,10
6,-0.309342669901356,1305.75971328865,12
7,-0.289631713268802,1303.89062098391,14
8,0.0451013950980625,1329.38062995784,16
9,0.415048842721401,1361.27036549218,18
10,0.348800812859938,1359.69023972417,20
11,0.355400297855816,1364.04311980342,22
12,0.0469696040309957,1333.79411280424,24
13,-0.0287158401840857,1324.72733359156,26
14,-0.0873503603614161,1316.25603201868,28
15,-0.0244694049890966,1325.57601006608,30
16,-0.130667409454464,1308.20303589915,32
17,-0.38829240328884,1261.64561869558,34
18,-0.463918563020177,1240.89517664996,36
19,-0.529311790597617,1219.7616160623,38
20,-0.487669686824451,1226.60327811298,40
21,-0.466223442737994,1228.02658186782,42
22,-0.480887024706506,1219.11560535574,44
23,-0.450010040420301,1224.31174701414,46
24,-0.412611954537047,1232.25286235182,48
25,-0.444275080022901,1218.55626658302,50
26,-0.416867955571808,1224.0045830014,52
27,-0.388757436500656,1230.21564801808,54
28,-0.325233353021581,1250.6102807413,56
29,-0.302924883264182,1255.94167632967,58
30,-0.320727363803599,1247.35875939273,60
31,-0.314189823745265,1246.86695163378,61
32,-0.288382625918258,1253.95992218035,62
33,-0.275840283885819,1256.12293288723,63
34,-0.29069220845761,1249.77920978615,64
35,-0.251822823252144,1263.08718067205,65
36,-0.20626079855617,1267.96344954926,66
37,-0.108062128218311,1303.04387099219,67
38,-0.0581885341043104,1328.77283468251,68
39,-0.0678623967893031,1324.50595276434,69
40,-0.124650203600454,1315.58763124529,70
41,-0.281000586044347,1273.42285048304,71
42,-0.282187538250383,1272.54133098222,72
43,-0.294103523121711,1269.66152371562,73
44,-0.298413633574329,1255.50896181009,74
45,-0.406019868608669,1218.52170237324,75
46,-0.472980068871884,1191.1467854937,76
47,-0.440118906655614,1211.63343269317,77
48,-0.39989880400397,1219.55299721542,78
49,-0.292617281569338,1224.54356551401,79
50,-0.303727069321337,1207.98102287308,80
51,-0.21987892597368,1221.62352898102,81
52,-0.250237123773105,1214.85751518796,82
53,-0.373562998126304,1178.0361521255,83
54,-0.346113159770957,1182.57903130525,84
55,-0.351682403304088,1183.25136781866,85
56,-0.372864016602993,1179.08501833673,86
57,-0.337281319466891,1183.11167614733,87
58,-0.385415468986751,1168.1620249383,88
59,-0.460468876926301,1143.6960594926,89
60,-0.454457167804738,1156.56228704716,90
61,-0.502508694003212,1139.37241261177,91
62,-0.447574979955381,1159.21645127154,92
63,-0.426301851843485,1167.97675662803,93
64,-0.464151025960008,1155.89300720351,94
65,-0.493876136549607,1144.52242501322,95
66,-0.506116960976448,1135.71617169754,96
67,-0.518485698276387,1135.7299280588,97
68,-0.503113748731656,1141.99369736251,98
69,-0.647109409620775,1095.96479404503,99
70,-0.668085291659905,1094.62269585076,100
71,-0.651353359968868,1102.39503461414,101
72,-0.679565307888864,1088.36211402661,102
73,-0.618005199769516,1104.19141547082,103
74,-0.6224582037185,1101.24237384849,104
75,-0.611518249422663,1106.42862313603,105
76,-0.542094258850409,1128.81628335212,106
77,-0.424505066375363,1142.48138459469,107
78,-0.270889581880321,1175.09814969572,108
79,-0.272650949231593,1187.28303606738,109
80,-0.287164727454061,1184.20866505251,110
81,-0.262890045553627,1190.52538545573,111
82,-0.122130496385835,1221.22153481234,112
83,-0.200645887953183,1199.81550260604,113
84,-0.0332464261922747,1261.42389904216,114
85,0.0458913763437347,1251.35896043311,115
86,0.131505596760531,1279.64176374778,116
87,0.219334702939402,1309.153365865,117
88,0.214741140007522,1307.06913413289,118
89,0.0793417406036143,1271.18441443655,119
90,0.175885302470779,1289.80969751346,120
91,0.420676872244638,1338.85622254811,121
92,0.347007912033262,1330.04130117635,122
93,0.262000302055806,1297.83467954367,123
94,0.136614321643648,1272.17468434439,124
95,0.0633090384583617,1256.04940292922,125
96,0.171537499480823,1280.92968943075,126
97,0.405338794317322,1343.08886594368,127
98,0.39324453663954,1331.40387439374,128
99,0.544221080153497,1380.02498527383,129
100,0.441922714381022,1356.76762220025,130
101,0.972607033808802,1437.3126168115,131
102,0.962381501601159,1440.50582617397,132
103,1.03949406680257,1467.72136896265,133
104,1.12145788350954,1473.64057036769,134
105,0.901551026516609,1427.29052607814,135
106,0.858771422338549,1413.78013837997,136
107,0.919333940692004,1434.33195974364,137
108,0.704371518694313,1390.849811551,138
109,0.825520302164074,1432.12800572133,139
110,0.682497365896869,1407.74530047344,140
111,0.50199066890201,1371.68836492059,141
112,0.471698069906754,1362.60186572596,142
113,0.478005557900927,1367.46219934512,143
114,0.475256873079457,1379.37570063554,144
115,0.64447414770644,1411.55613068893,145
116,0.409037700760571,1367.55263074823,146
117,0.535440866450733,1382.77591941725,147
118,0.284072915204179,1327.64790546004,148
119,0.161935525872088,1304.21979253817,149
120,0.0884491261777682,1282.55697440159,150
121,0.264225671532176,1309.56264575575,151
122,0.120113916619497,1275.03969710391,152
123,-0.015329165074188,1245.82328613695,153
124,-0.0566894244671059,1236.85032939441,154
125,0.058944878836511,1244.1496939183,155
126,0.107754487677167,1252.60756415936,156
127,0.146871754474263,1258.48277372209,157
128,0.04740420299569,1237.43147319449,158
129,0.12180137497716,1287.21951593299,159
130,0.192336889489204,1297.05987148874,160
131,0.0769885235840315,1278.20221570744,161
132,0.19292323662549,1305.88056455643,162
133,0.160473771328987,1307.67666682585,163
134,0.118280928572449,1299.40138817541,164
135,0.0416487304736597,1286.1414784957,165
136,0.147762780117181,1313.73033684759,166
137,0.209278061029009,1321.96706500304,167
138,0.209600485353916,1315.54343980504,168
139,0.128726305222721,1299.87978920796,169
140,0.146602923518402,1298.16656184674,170
141,0.0493242430980634,1282.58350921933,171
142,0.110606668540302,1303.99232715169,172
143,0.062054301712124,1285.76885753446,173
144,0.137265666253082,1304.53302307347,174
145,0.214415950273668,1333.33563922291,175
146,0.0209353535393149,1288.09932684971,176
147,0.00239123670557717,1287.88434408938,177
148,0.121391587009295,1334.08926068658,178
149,0.203726478562963,1358.60715955787,179
150,0.282500407569807,1362.91416452684,180
151,0.302146456569629,1366.06176159631,181
152,0.428266020052363,1387.72647530987,182
153,0.385961574594082,1380.42891452555,183
154,0.406877070380214,1369.49370017908,184
155,0.461719178106259,1375.70109193165,185
156,0.43324592859109,1365.11276527694,186
157,0.478870489080949,1373.13375707078,187
158,0.497611022756022,1380.21219739608,188
159,0.395090421480375,1353.68439790762,189
160,0.402932592569944,1349.22399665343,190
161,0.000485375869853755,1258.23439151962,191
162,-0.00367366679125503,1257.20315757004,192
163,-0.0103374180932158,1257.93610448432,193
164,-0.121381657973575,1231.82271602773,194
165,-0.148043888174884,1229.82023746886,195
166,-0.138562848072723,1231.41433961167,196
167,-0.0924235896777376,1247.33449047819,197
168,-0.136992700190097,1241.53084343744,198
169,-0.130382966301431,1243.44421213918,199
170,0.048001154547197,1300.56740697151,200
171,0.0533405240247609,1299.79891924209,201
172,0.0538191063845532,1295.82895268332,202
173,0.0836304935508136,1308.02730590764,203
174,0.0233785512653484,1298.80035568302,204
175,0.050747310073002,1294.10482753701,205
176,0.0354285040736884,1295.97531875848,206
177,-0.00214169153518207,1296.91654106516,207
178,0.0889247277438967,1305.3370352708,208
179,0.0931498781585804,1309.65577305051,209
180,-0.05240758422161,1280.26034854799,210
181,-0.0504993775376923,1290.85609355514,211
182,0.0110186208500702,1305.44942416594,212
183,0.0982224868067478,1335.18420913987,213
184,0.0615226927813397,1326.8076086934,214
185,-0.0468148896229293,1295.37323974193,215
186,-0.0119006249326403,1292.78509573636,216
187,-0.0029740087359994,1293.97724019218,217
188,0.00664113056263038,1290.76586682288,218
189,0.0886271879968592,1319.54193937736,219
190,-0.0649782211390082,1279.36812108478,220
191,0.00658040562534179,1289.7841009246,221
192,-0.0065936966084692,1280.64235933249,222
193,0.0979542083850071,1284.97290076754,223
194,0.102866850101918,1286.02593572439,224
195,0.149442589493048,1302.54774846303,225
196,0.258918931571296,1323.61604323964,226
197,0.159888784388275,1298.77979442102,227
198,0.190309095055256,1308.14321704339,228
199,0.118881479958995,1294.81177509784,229
200,0.0734067637285052,1283.44722268962,230
201,0.0588442794444268,1279.96221948775,231
202,-0.159129109821594,1229.38620153912,232
203,-0.180594965225407,1221.01286523063,233
204,-0.178745023166712,1217.81608392197,234
205,-0.189685812668665,1220.47855150393,235
206,-0.242940513246915,1204.31176770491,236
207,-0.224910065182757,1202.7985749699,237
208,-0.250237574696321,1197.96166054699,238
209,-0.250502139595739,1205.57772728347,239
210,-0.238952721239189,1207.35129080607,240
211,-0.198431384409351,1226.23387765189,241
212,-0.171748624452909,1234.21425212254,242
213,-0.18852596146746,1237.67061501673,243
214,-0.206196952125283,1236.11254002563,244
215,-0.285575727508892,1218.63469425011,245
216,-0.227671232514855,1238.35346632954,246
217,-0.0995805553199298,1261.9247132902,247
218,-0.0690778513172061,1264.92669491897,248
219,-0.104355481842665,1253.70532014763,249
220,-0.000801569906515143,1284.44383299746,250
221,-0.0594790452950608,1277.29698197449,251
222,0.0881909194389943,1297.48238595261,252
223,0.105501049607859,1303.74901804254,253
224,0.147281118523118,1308.14050478877,254
225,0.180117932115629,1311.20969838879,255
226,0.10424585328063,1290.22983741963,256
227,0.0496431679443947,1281.39400411414,257
228,0.0422574936852325,1284.02175319345,258
229,0.178927160956921,1314.09463075526,259
230,0.246178006882479,1340.32579506204,260
231,0.271572737538287,1346.07334229441,261
232,0.278103048412149,1343.02892300812,262
233,0.196801876112463,1319.63006490963,263
234,0.319382418395374,1339.0405529829,264
235,0.475466797289932,1378.21339013131,265
236,0.610082639307569,1412.56024215637,266
237,0.535814474509916,1397.25178146282,267
238,0.545778308107623,1389.19410763439,268
239,0.607649379920421,1401.63250464865,269
240,0.639910194922025,1409.45058181211,270
241,0.5246639806328,1386.27596456849,271
242,0.868320463119748,1494.22066964928,272
243,0.634061192022107,1442.96193986792,273
244,0.626310493861593,1445.18970722332,274
245,0.641795349571747,1457.6161043432,275
246,0.75506951273934,1492.85447286453,276
247,0.819879009729224,1506.60449545283,277
248,0.732945273227257,1492.94975339465,278
249,0.714210072574558,1495.74432033649,279
250,0.754587356891899,1505.81143816772,280
251,0.701251362498361,1484.48372034325,281
252,0.497994486062684,1440.30813167474,282
253,0.472054227846111,1436.97200484704,283
254,0.422498499766901,1425.57904652884,284
255,0.378817039394664,1416.4720142586,285
256,0.304291668139625,1394.24657075253,286
257,0.296885461427716,1390.44149602743,287
258,0.397499795059183,1407.17022824226,288
259,0.243126125957213,1366.3533002867,289
260,0.234052550974589,1367.66529352868,290
261,0.154303769178862,1352.3540086554,291
262,0.107280208383087,1350.24911840986,292
263,-0.0143971125578038,1316.54576650275,293
264,0.013772375521321,1321.62753915871,294
265,0.0896164838495379,1331.53837981579,295
266,0.0130437564546784,1310.83905057022,296
267,-0.0758898763892994,1292.71535707699,297
268,-0.118049018221113,1287.97034428037,298
269,-0.100971639632349,1290.7920137726,299
270,-0.123600608150254,1275.46304315735,300
271,-0.040305007212014,1309.08930357212,301
272,0.0226349152334773,1333.87910439091,302
273,0.032388950163567,1333.09137667117,303
274,-0.153295747364044,1291.63942241591,304
275,-0.0475047767021829,1317.60659268415,305
276,-0.0447755125306909,1321.82820343685,306
277,-0.18934075308544,1283.42536644453,307
278,-0.269224476228274,1264.74556710203,308
279,-0.251702655708163,1274.04365955337,309
280,-0.284952333704702,1263.86346766493,310
281,-0.334684134637194,1249.84029951573,311
282,-0.339031463818931,1250.61107188901,312
283,-0.29701071068708,1254.42204232769,313
284,-0.2699451870077,1256.86698812438,314
285,-0.306546488139259,1244.50220494348,315
286,-0.269257181464617,1256.11787723292,316
287,-0.270241481829811,1254.1447920487,317
288,-0.187918817991229,1273.21667588188,318
289,-0.164621639791223,1278.99269303655,319
290,-0.232058343762105,1258.13266157343,320
291,-0.118063762800602,1275.63449513227,321
292,-0.10681560322705,1282.27522691773,322
293,-0.0506343843212473,1300.29561336987,323
294,-0.0843911870027007,1295.31807636485,324
295,0.0148996906510945,1306.74343822266,325
296,-0.028641945313403,1294.01901683352,326
297,-0.0470305200568513,1287.92188965859,327
298,0.0580991989702433,1311.55441362083,328
299,0.0598311289824627,1309.55738223986,329
300,0.0685324759651433,1315.47719235222,330
301,0.07905070948242,1319.04892433806,331
302,0.146566933693623,1324.6994965429,332
303,0.0548679533994161,1310.81813300846,333
304,-0.00367023869853045,1303.40862561225,334
305,0.0104027808931879,1305.69109146642,335
306,0.0315775110183771,1313.65781834879,336
307,-0.0435521180503932,1297.97163575179,337
308,-0.1092925569977,1280.34710204363,338
309,-0.0256815394627677,1285.85095934114,339
310,-0.0266767244394019,1280.99589090798,340
311,-0.0748921473525608,1271.16798769459,341
312,-0.0862804341959946,1262.58587613434,342
313,-0.0654313564479373,1262.78059759246,343
314,-0.12320799975055,1246.22894440424,344
315,-0.139159326946434,1239.70417472861,345
316,-0.151404556564468,1234.51919834283,346
317,-0.146578387531649,1228.91298789562,347
318,-0.166333956523749,1227.36450646079,348
319,-0.11087243675952,1244.78068351456,349
320,-0.128590497681236,1245.28788193066,350
321,-0.107052775981411,1254.89038967675,351
322,-0.0400683004781174,1263.12618615719,352
323,-0.0369438241240827,1267.85842766526,353
324,-0.0645921402929589,1263.40389068314,354
325,-0.0258057318708078,1286.0144121285,355
326,0.041172726163325,1309.65743142504,356
327,0.187393335172227,1359.49227141787,357
328,0.255781977064646,1372.94607125828,358
329,0.278885655682506,1376.07945842579,359
330,0.239784319665214,1371.9520691145,360
331,0.277828875231424,1380.99721957122,361
332,0.179473393195144,1356.70093874426,362
333,0.229065947599024,1374.55723719718,363
334,0.27592077718987,1385.55038844804,364
335,0.275821707154279,1389.46038185242,365
336,0.345308650252174,1415.55734275115,366
337,0.302117112915034,1403.15338010973,367
338,0.281184482474239,1401.43220849977,368
339,0.278892273920827,1397.46371160492,369
340,0.364715190602504,1413.622428565,370
341,0.376385599793046,1412.93329392468,371
342,0.423409677007056,1421.19696770467,372
343,0.624796433008439,1481.67326897842,373
344,0.71046536276735,1496.96298748112,374
345,0.720234778244336,1496.58968038981,375
346,0.720392850179141,1486.32711618927,376
347,0.778779341043843,1497.1858538204,377
348,0.819916955965923,1504.22252690206,378
349,0.85252618261486,1505.27870615699,379
350,0.725857765951067,1473.62030581156,380
351,0.660937631491665,1464.4989805361,381
352,0.602874306336232,1452.2730907502,382
353,0.48341252740096,1425.28893926373,383
354,0.406762202611126,1403.95758784203,384
355,0.359355012659247,1394.64801086679,385
356,0.4277300681912,1415.29641655304,386
357,0.32560060972273,1399.14335046021,387
358,0.316844350894732,1408.91294412411,388
359,0.274228715710031,1416.44038235719,389
360,0.250089200458765,1412.00687902734,390
361,0.213612593584095,1400.6447029622,391
362,0.14830591343517,1383.45794884317,392
363,0.0688906606973261,1361.92645214486,393
364,0.113244521354298,1365.96567307761,394
365,0.0537599885326971,1355.10700265448,395
366,0.0677813148485924,1363.2563472854,396
367,-0.00249370654044634,1344.60277923602,397
368,-0.116044146782532,1317.45778699201,398
369,-0.140981588948794,1304.23609082226,399
370,-0.0722011225883883,1332.19106733395,400
371,-0.063786813492145,1331.53111142647,401
372,-0.0164185963110502,1351.57313379015,402
373,-0.0144165952524449,1349.8481566355,403
374,-0.0666896026854599,1333.74068092829,404
375,-0.174161518896031,1311.52078999496,405
376,-0.187213684387115,1307.9910900581,406
377,-0.160803188078278,1315.92374903945,407
378,-0.109871472133774,1323.97080607621,408
379,-0.140255845657749,1314.56077317409,409
380,-0.184284609137029,1299.7642756032,410
381,-0.154794539687156,1306.6675309871,411
382,-0.110115294963173,1311.26794719477,412
383,-0.0666441996440159,1329.73717506428,413
384,-0.00943703078370239,1347.42152342633,414
385,0.143159973377984,1393.00093764852,415
386,0.249003696276477,1415.77517867561,416
387,0.181410831766022,1394.62859222429,417
388,0.0669258296793915,1366.88694773568,418
389,-0.00419323031587149,1347.38908790022,419
390,-0.0117919574108327,1355.62634489036,420
391,-0.0811306102086911,1345.50166323247,421
392,-0.129884515417951,1329.01203283646,422
393,-0.0826925893525997,1339.95061432018,423
394,-0.0415043066941139,1346.85345562626,424
395,0.0554308947907372,1369.20356025254,425
396,0.145733492007516,1397.60232285359,426
397,0.0872334611128709,1379.36012057821,427
398,0.0666534623961244,1378.12830620745,428
399,0.154161592799584,1397.90651340316,429
400,0.159496372300804,1391.12677258756,430
401,0.300967878187058,1423.88497213018,431
402,0.172304540112697,1397.25346112743,432
403,0.106409532907432,1375.85428184968,433
404,-0.0371064509084449,1340.3862389045,434
405,0.00107740013966584,1351.32672713166,435
406,0.00820095234788698,1344.93206760321,436
407,0.00490359480284308,1343.44683931748,437
408,0.0184764450127375,1346.41441600619,438
409,-0.0512870066909249,1327.50243806722,439
410,-0.0897211370891901,1315.66105626894,440
411,-0.0795685205648942,1314.18740568959,441
412,0.0348607922228881,1343.87906288277,442
413,-0.0133013978602996,1330.7707988913,443
414,-0.0215938193092712,1326.67996599029,444
415,-0.0395057489237847,1330.56086631832,445
416,-0.0555264518316197,1332.60115443965,446
417,-0.119619292441084,1324.8415599679,447
418,-0.171481413274391,1311.88656190995,448
419,-0.238679881337597,1282.08119797009,449
420,-0.215446150279378,1281.35703825289,450
421,-0.183272653311636,1283.93944559739,451
422,-0.234284503310281,1273.70303515116,452
423,-0.251287942263285,1270.89896698288,453
424,-0.184583997378838,1285.37725270483,454
425,-0.220827536057481,1275.69119850638,455
426,-0.145339787152468,1306.34638793651,456
427,-0.186672346779818,1297.89807454499,457
428,-0.277095513421134,1274.75835269355,458
429,-0.211773174889303,1289.71564937565,459
430,-0.200364957619466,1296.3382413347,460
431,-0.275064108609457,1274.72273496854,461
432,-0.239769295941441,1280.65890006988,462
433,-0.295141424686608,1267.66618714728,463
434,-0.247236240897395,1283.92099648969,464
435,-0.207067332415701,1286.1144818124,465
436,-0.141476264720303,1295.82406473042,466
437,-0.157533114227469,1294.42721912072,467
438,-0.125835422841395,1297.9222522686,468
439,-0.134104721931084,1294.18493383578,469
440,-0.102950524873751,1306.19504637996,470
441,-0.152106168276517,1283.6838348338,471
442,-0.140222220881589,1281.58832634719,472
443,-0.153632673590444,1274.34887224061,473
444,-0.216835630597697,1261.29918553451,474
445,-0.229215284549212,1251.81061412353,475
446,-0.201334671071551,1259.13115861977,476
447,-0.23764863481972,1252.46323874056,477
448,-0.297604496194845,1235.39416323431,478
449,-0.344345917672277,1222.54210941467,479
450,-0.339326448486457,1220.25472324257,480
451,-0.238872378265341,1228.2386678828,481
452,-0.234198757643862,1226.27689775558,482
453,-0.206415891625106,1234.55034171542,483
454,-0.180699578307381,1242.48664125821,484
455,-0.181720913901537,1242.18274187792,485
456,-0.205662350727312,1238.13376846465,486
457,-0.150832567751729,1253.49150201867,487
458,-0.267067665551005,1225.70551920541,488
459,-0.273046222049897,1222.30554769538,489
460,-0.262991021169564,1218.13488960631,490
461,-0.304684020384516,1207.57753849058,491
462,-0.326586292616625,1203.40451409525,492
463,-0.3183154415272,1196.2057140946,493
464,-0.356911937029976,1183.07287531222,494
465,-0.372207267281947,1174.47052848524,495
466,-0.357331980845029,1188.38000819196,496
467,-0.36188098108788,1184.0914049077,497
468,-0.35170879246938,1189.06821426644,498
469,-0.343865213685392,1193.42163371994,499
470,-0.353667139615359,1188.88295362034,500
471,-0.361652326392155,1183.64859187607,501
472,-0.387381820370611,1179.08352283426,502
473,-0.331294809596972,1181.81164164984,503
474,-0.324500370315526,1180.8488504952,504
475,-0.317531013845794,1178.29393215353,505
476,-0.305436515870767,1180.90100109699,506
477,-0.300763384047716,1174.96436354592,507
478,-0.301520294267351,1177.46277729637,508
479,-0.312206863082161,1173.24141944815,509
480,-0.252309213775371,1186.32366878628,510
481,-0.224917715373793,1190.05852789074,511
482,-0.278796862337969,1170.64375301414,512
483,-0.289588554290868,1165.91185846183,513
484,-0.345596338815335,1145.72333374125,514
485,-0.368515655397443,1140.6445959386,515
486,-0.392031817145686,1135.10204764118,516
487,-0.366726082758947,1145.04725871957,517
488,-0.337642072094013,1156.29793180848,518
489,-0.34051492762493,1161.30640512989,519
490,-0.325866832285383,1158.8265717733,520
491,-0.290070516027657,1169.6096660037,521
492,-0.191170535504896,1200.79252178692,522
493,-0.211747965331284,1190.37874546361,523
494,-0.243685417947061,1179.45148576007,524
495,-0.175253105577888,1194.11320688619,525
496,-0.143885652002252,1195.56602676469,526
497,-0.157209738365104,1184.94481690492,527
498,-0.185203824077413,1185.61785968293,528
499,-0.117330919908213,1204.6408359784,529
500,-0.171005842521689,1190.92636098033,530
501,-0.199783771839797,1184.39587522925,531
502,-0.218496372758662,1175.43260810966,532
503,-0.165442665681817,1189.04468257963,533
504,-0.0826885021365066,1217.87472671082,534
505,-0.112263623119434,1206.31979429422,535
506,-0.10131730256181,1207.82171712249,536
507,-0.0906501534869657,1207.5506348848,537
508,-0.0770563444599076,1212.76624293939,538
509,-0.00406057889538203,1228.31907993175,539
510,-0.0810751241537353,1208.38552124787,540
511,-0.038965615485835,1218.72351910659,541
512,-0.0737121608360753,1212.51945288765,542
513,-0.119300363086692,1198.91395398467,543
514,-0.0899649913731158,1192.84955328023,544
515,-0.0582294379208104,1199.18517222585,545
516,0.0540306256972221,1214.67857283505,546
517,0.179239044849957,1251.68090781684,547
518,0.168054103156204,1246.51614618414,548
519,0.139217530672847,1244.22921593338,549
520,0.0928240179651907,1237.24820872554,550
521,-0.0574305567886456,1201.44519494757,551
522,-0.0393380514989962,1202.42560145858,552
523,-0.0537141642744617,1203.20151743743,553
524,-0.0378395070074419,1223.70239186772,554
525,0.112332577493087,1262.14056887365,555
526,0.24279754964938,1292.98308475606,556
527,0.207216447094416,1288.06827768185,557
528,0.213456912558883,1287.23618320775,558
529,0.23994065429591,1284.19590332193,559
530,0.230737674684342,1287.74560022439,560
531,0.123524425926421,1265.39219302023,561
532,0.277828772736804,1304.69386923574,562
533,0.253426827112005,1295.61254424814,563
534,0.312401240382166,1304.16088440135,564
535,0.288316409842003,1303.4097154386,565
536,0.150765707621804,1276.92108192847,566
537,0.169955150913818,1273.74391239874,567
538,0.0943593537654934,1253.08438233029,568
539,0.229052779820104,1293.37748950407,569
540,0.211659995764199,1291.63615606802,570
541,0.173420170341403,1285.69722587914,571
542,0.244352275159407,1294.46968585845,572
543,0.198999392971976,1285.73372946776,573
544,0.16176202345192,1274.52492906782,574
545,0.125308655980868,1257.14618430187,575
546,0.148406613613219,1253.87853808473,576
547,0.109118541438019,1244.6421480355,577
548,0.102050551958692,1244.75586350372,578
549,0.0532015833697079,1244.29686770918,579
550,0.154001859426146,1271.39022717972,580
551,0.131270836313398,1267.11690267018,581
552,0.138911529910638,1269.73048601643,582
553,0.297140815556885,1292.99048688903,583
554,0.317236915138297,1296.99584301136,584
555,0.263011015343635,1285.30720899445,585
556,0.127122816056928,1260.96877779709,586
557,0.0128584214917755,1239.31439074426,587
558,-0.0991032848022676,1214.34581581067,588
559,-0.0244613503399511,1240.52905951665,589
560,-0.0676878281007192,1226.25534163708,590
561,0.0524781134268839,1258.57762293673,591
562,0.0875396337554728,1275.03104112492,592
563,0.0958981211989316,1271.61067224278,593
564,0.0470909546579938,1269.28798319253,594
565,0.0888974493884978,1275.98429629948,595
566,0.101360539015965,1280.01717500822,596
567,0.07974204235792,1276.59174994222,597
568,0.104095658122303,1280.60859680603,598
569,0.121431736676798,1279.87448306526,599
570,0.144377529153382,1274.97440684239,600
571,0.0725549071362461,1267.8127577758,601
572,0.0979571779871355,1276.63444014413,602
573,0.15886319722294,1295.71778117559,603
574,0.198867231338027,1306.99523688289,604
575,0.199524295620226,1305.43183372311,605
576,0.323954529070485,1335.6058376537,606
577,0.53840860875378,1380.22925622109,607
578,0.63669209323405,1399.83264066994,608
579,0.753151218688505,1427.51107578824,609
580,0.631744001290011,1397.69769721134,610
581,0.663636168723296,1417.16492004238,611
582,0.500193569941866,1383.50286564544,612
583,0.52787677579443,1390.27960527519,613
584,0.544966548195088,1396.68738833172,614
585,0.487536589763847,1384.30789670717,615
586,0.513173097388501,1392.65547587183,616
587,0.562092636506091,1402.16073351197,617
588,0.544775486528679,1397.16068049759,618
589,0.55159313897911,1396.48774968279,619
590,0.56967597430585,1391.98654581356,620
591,0.402351099939638,1358.43816083808,621
592,0.506229697028437,1376.57117911226,622
593,0.367733560567771,1350.19159414643,623
594,0.31415078682182,1344.78928074694,624
595,0.438478856400794,1376.12892979585,625
596,0.449782268035789,1386.95072224367,626
597,0.490743436718,1399.63571482735,627
598,0.499680896017628,1404.51491963067,628
599,0.617430742389454,1439.22532552803,629
600,0.569834634579478,1426.72235678192,630
601,0.538572077097902,1414.95120217951,631
602,0.632221496351959,1431.75301834336,632
603,0.551293470238625,1416.0776320089,633
604,0.484782920007949,1402.50379226691,634
605,0.44699723908841,1400.85267593763,635
606,0.335332604594176,1374.57375048555,636
607,0.378291785435717,1385.35071444979,637
608,0.317949326053848,1377.4829547892,638
609,0.221078762417086,1359.15139698965,639
610,0.229172247799924,1365.84361593193,640
611,0.238033952338591,1376.78747891706,641
612,0.389817716150459,1409.8587916744,642
613,0.363673630126068,1414.86052968227,643
614,0.312603464666036,1394.83029274408,644
615,0.278725810290791,1387.06102291425,645
616,0.268145286683286,1387.35258600151,646
617,0.246145603303914,1377.88127641361,647
618,0.20176677737397,1368.37496811873,648
619,0.163853616405195,1358.63893856694,649
620,0.129242351905165,1346.29817551546,650
621,-0.0276525155122439,1302.7044941969,651
622,0.00181747534726129,1305.19866415781,652
623,0.0438355803819668,1313.61287414767,653
624,0.0241286185872918,1309.91247519995,654
625,0.114160414161269,1337.23186838315,655
626,0.0616537440434859,1324.88546814708,656
627,0.0237321988297798,1322.30546120061,657
628,0.0339121742528541,1334.35935710767,658
629,-0.0657443136894987,1308.23681321919,659
630,-0.0379091471969509,1321.29364137344,660
631,-0.0964106058936415,1312.4017991883,661
632,-0.0597623053310536,1320.14249620047,662
633,-0.0455234544798699,1318.05164664523,663
634,-0.0229850300732758,1327.94822422056,664
635,-0.00224111026825446,1332.96131876072,665
636,0.063638127840679,1352.60256816355,666
637,0.0132379420549451,1341.08328695184,667
638,0.0245709768106048,1335.83361887087,668
639,-0.0814203582271705,1306.6247443328,669
640,-0.0953835733913335,1304.59014314819,670
641,-0.0985024893925225,1302.2074557988,671
642,-0.142582343672962,1291.88781233893,672
643,-0.186563233867057,1284.22022335337,673
644,-0.261048822166343,1265.0169596221,674
645,-0.278693766496607,1266.77419221066,675
646,-0.166979212483763,1295.83676705557,676
647,-0.140572522011264,1303.06942649357,677
648,-0.138026256174697,1305.94888560222,678
649,-0.141999347951922,1298.77760055024,679
650,-0.154112817441981,1292.54690305052,680
651,-0.179626019291501,1280.61217490422,681
652,-0.191026786320683,1269.99718535707,682
653,-0.0541058963385537,1282.89294825285,683
654,-0.0456705306182583,1284.01021236524,684
655,-0.0929964863711369,1270.92123319202,685
656,-0.0777119624920237,1275.47209555453,686
657,-0.0900745994664434,1282.20831147285,687
658,-0.0479934672611263,1292.08417203626,688
659,-0.0989691067809033,1279.52985290738,689
660,-0.136802168256929,1275.44311821021,690
661,-0.0668371170312906,1286.33986317805,691
662,-0.178308457245732,1257.53311599064,692
663,-0.149526455828171,1270.14292887947,693
664,-0.146409782450729,1273.29161600711,694
665,-0.103810811166345,1283.89446662477,695
666,-0.130418216941648,1280.27490183169,696
667,-0.133977702728731,1280.69562606,697
668,-0.131842457361163,1289.56564688962,698
669,-0.0996298472331089,1297.3787028919,699
670,-0.0593683023733343,1303.90139131003,700
671,-0.0183968764325111,1301.07382673513,701
672,-0.0829154430080873,1281.5192040474,702
673,-0.0945257054867257,1275.92013262026,703
674,-0.108612376282804,1268.32584666019,704
675,-0.0946806908112054,1273.1940904824,705
676,0.00601396073629545,1299.14893039712,706
677,-0.0330308331106858,1291.64092801047,707
678,-0.121907181235166,1272.38337209091,708
679,-0.119739181601859,1276.08273469064,709
680,-0.136408740354383,1272.74536083495,710
681,-0.016601168214697,1307.98520714633,711
682,0.151996791258348,1361.87846263137,712
683,0.267194221224671,1387.48646082684,713
684,0.430254866277469,1425.74878590762,714
685,0.438475411639816,1427.58038843921,715
686,0.484132533240789,1440.95824765119,716
687,0.436731096211133,1421.44881253524,717
688,0.382092932648902,1408.10496618619,718
689,0.370007402227792,1414.37406344434,719
690,0.370113803784526,1418.16116720529,720
691,0.54345721510533,1465.97687206089,721
692,0.431784874847336,1437.67204901883,722
693,0.419090199662114,1435.59356841212,723
694,0.559775655134205,1459.84981840123,724
695,0.83093046327869,1560.86635451033,725
696,0.991806905073292,1613.91934255589,726
697,1.03925020347763,1633.26185061657,727
698,1.34108620401741,1729.76885548253,728
699,1.00161346519645,1641.38315954452,729
700,0.88508343596451,1617.04372843938,730
701,0.922065862537725,1631.80768373649,731
702,0.722509490161249,1577.92642931079,732
703,0.811053534964673,1594.28398342506,733
704,1.19663370864139,1697.49222998288,734
705,1.26802713973596,1712.79036178434,735
706,1.03053557939938,1644.21851404952,736
707,1.13117660384381,1678.45596800049,737
708,0.911697680206887,1626.51764155581,738
709,1.1160594810988,1688.46329662076,739
710,1.23814482618322,1718.78340613018,740
711,1.11895182177563,1688.59189662984,741
712,1.18580076602335,1707.56076910358,742
713,0.970540056178375,1660.10740201326,743
714,0.733982862980027,1609.81692324515,744
715,0.72861756936529,1616.82968060588,745
716,0.834141668917164,1666.59642036509,746
717,0.71379709758518,1631.89601674274,747
718,0.642626211136414,1615.86936826084,748
719,0.776500473767096,1640.43104177955,749
720,0.716573528205417,1618.00211131978,750
721,0.676022162021164,1614.73710419557,751
722,0.629075298668086,1604.40941956414,752
723,0.545945760259788,1594.26232511276,753
724,0.653032874973128,1614.53538831116,754
725,0.474110201687691,1563.68602301711,755
726,0.763862331112405,1671.9344947894,756
727,0.629583528681789,1662.53659417181,757
728,0.473650786516177,1629.04381503437,758
729,0.748066052861463,1747.13287024934,759
730,0.434815979288813,1666.76171344063,760
731,0.685462403513044,1708.22173480543,761
732,0.762763412305112,1731.97043133172,762
733,0.644703700426799,1701.49901330329,763
734,0.975478153920917,1782.26690904873,764
735,0.989531259848461,1788.00580972326,765
736,0.749003497047557,1732.4164045475,766
737,0.575432337261077,1681.23507316624,767
738,0.900381983788649,1745.80636027063,768
739,0.769134178835499,1716.65472614473,769
740,0.844477824920194,1729.142419745,770
741,0.693459635320941,1697.91085689946,771
742,0.912983682939106,1784.34364762373,772
743,1.02252719301363,1811.3733481041,773
744,1.00000602969561,1810.11403650023,774
745,0.91010347466674,1779.43242219171,775
746,0.880955967365356,1770.75490769511,776
747,0.922243220035707,1793.93109709374,777
748,0.772376887561558,1767.22641308815,778
749,0.735238938900557,1741.75510525522,779
750,0.708307105277963,1730.53299644511,780
751,0.573008588529194,1689.98769679461,781
752,0.577319162415209,1678.42539567029,782
753,0.479900536314994,1651.74100951063,783
754,0.697073139000433,1728.26327101597,784
755,0.534484954947645,1683.84703639814,785
756,0.474377386676359,1666.04191646664,786
757,0.695911478411229,1709.34661321123,787
758,0.405285918174942,1639.58797554303,788
759,0.218192074866111,1595.14125905295,789
760,0.225881168513379,1597.86359957724,790
761,0.094570310641843,1580.5181101571,791
762,0.14648048213539,1587.58537490424,792
763,0.183360844454303,1603.58748214541,793
764,0.0166135087886652,1553.86649416674,794
765,-0.036141150808635,1529.5547552385,795
766,-0.129950899520345,1505.69428613518,796
767,-0.193116844739882,1483.55009247776,797
768,-0.10423907474788,1523.04769794885,798
769,0.123114167666601,1593.31228557812,799
770,-0.0186992031309692,1550.84887504373,800
771,-0.00103938722213714,1556.32223299681,801
772,0.0298103237099741,1567.0298803794,802
773,0.0279035382543353,1568.12042855521,803
774,-0.173245802733935,1510.99331728865,804
775,-0.255000915239729,1482.39294335257,805
776,-0.220411493608753,1501.56824618079,806
777,-0.184054557392444,1504.23990919454,807
778,-0.185415309843444,1501.27541039309,808
779,-0.202658787151112,1504.9208799463,809
780,-0.246297007098723,1493.56979561282,810
781,-0.17085354980877,1506.52301925774,811
782,-0.175363226611022,1499.45200684295,812
783,-0.067196752530309,1527.3508823868,813
784,-0.0013474737851743,1540.42247589145,814
785,0.135979762956877,1585.71392927722,815
786,-0.10570833925094,1517.58602745559,816
787,-0.0756242534785725,1516.21524855862,817
788,-0.0191896687797071,1531.93960681885,818
789,0.0558351437461602,1568.66993716691,819
790,0.0364381221949124,1562.8715350968,820
791,0.0553211387967878,1566.96751193015,821
792,-0.0576743838308658,1529.22634595893,822
793,-0.165327636926914,1502.49483757645,823
794,-0.167027140596349,1500.37552198676,824
795,-0.282152552958697,1462.45855033775,825
796,-0.217750973885639,1464.39046634322,826
797,-0.177315156213578,1462.82146698861,827
798,-0.105932630664014,1487.64518870647,828
799,-0.0285212986878532,1504.11479521256,829
800,-0.121882194417252,1483.8111952083,830
801,-0.22532108533835,1459.98087126525,831
802,-0.145944284507757,1472.01605435953,832
803,-0.140459281530351,1476.32435246126,833
804,-0.181599235921513,1464.29266457457,834
805,-0.198843511440481,1458.65092620624,835
806,-0.172344200637001,1456.24722343558,836
807,-0.119195554237077,1459.68961317474,837
808,-0.172662775592175,1448.61550990957,838
809,-0.158958221831068,1451.2695897297,839
810,-0.121044562915468,1463.73419157548,840
811,-0.15098897398881,1458.85954535824,841
812,-0.0606948176695323,1493.83651574009,842
813,-0.0797122348430863,1488.2273999494,843
814,-0.0442522571830971,1495.0476975686,844
815,-0.165178602799576,1458.90917408279,845
816,-0.16518355649436,1460.95720232056,846
817,-0.222774451996379,1451.20173202212,847
818,-0.12406050230085,1466.50749935486,848
819,-0.0926797754437994,1472.78416265482,849
820,-0.123704295186847,1465.79779356115,850
821,-0.157081855211835,1468.90064583559,851
822,-0.157068498944809,1466.81569997867,852
823,-0.167739086918338,1463.19340235632,853
824,-0.0605319996688417,1480.96490243281,854
825,-0.0342330037639895,1487.92237085732,855
826,-0.00874714841397073,1495.65011664755,856
827,0.289101486491545,1584.57884089463,857
828,0.350048348328973,1599.01985187206,858
829,0.491986610138988,1639.78154117753,859
830,0.572742880256393,1682.17112940889,860
831,0.744103482955103,1748.73695477199,861
832,0.696684428496333,1733.76914062375,862
833,0.724966944904966,1744.1031958447,863
834,0.544846143649076,1690.03637246159,864
835,0.540293752034653,1692.21923008199,865
836,0.549743897507376,1689.91257943535,866
837,0.533688324328555,1681.73861604696,867
838,0.616061634826951,1701.71556377652,868
839,0.696148498668836,1723.69837907729,869
840,0.725295720465579,1732.94250241479,870
841,0.744803339769618,1739.72100020556,871
842,0.619874656202918,1705.76571566301,872
843,0.657545951170118,1719.64591548633,873
844,0.566356578419439,1705.59264191134,874
845,0.595998929670388,1712.89680356307,875
846,0.720048072269472,1757.60534736243,876
847,0.819919296144983,1768.06678889515,877
848,0.795013959993137,1762.38492822533,878
849,0.806717521760277,1770.23913110192,879
850,0.842656857158329,1784.54874029728,880
851,0.748897228958768,1755.94555367326,881
852,0.621848896756761,1715.35323901938,882
853,0.488131809784155,1682.52660878139,883
854,0.582973067120743,1712.91072058744,884
855,0.67469948782812,1742.24737150158,885
856,0.655749004364466,1739.00087641366,886
857,0.613688784982412,1727.6889700872,887
858,0.534201668798841,1704.96253364222,888
859,0.389723483839829,1680.42467597272,889
860,0.410439464442416,1691.53251773392,890
861,0.318889421309345,1671.42998692682,891
862,0.234039418652427,1660.33085294231,892
863,0.170695020313033,1658.85902490674,893
864,0.292335572857417,1699.9381151078,894
865,0.424666056663803,1757.79382404109,895
866,0.814021113024,1872.94720273804,896
867,0.61727164846618,1812.22956377681,897
868,0.531284829880703,1779.86400520524,898
869,0.703458068312253,1837.04635226095,899
870,0.366463378506311,1738.88435837187,900
871,0.263895768162095,1708.14493713708,901
872,0.345426577023041,1743.91902494361,902
873,0.509990507927846,1813.4478716955,903
874,0.718867364137707,1879.83209689595,904
875,0.872284634239233,1946.48953838229,905
876,0.724349630518579,1902.05931552078,906
877,0.582275549516251,1855.36559632739,907
878,0.448016750836419,1822.0613473299,908
879,0.00540678138421136,1706.53197017774,909
880,-0.0309761737332682,1691.23926672463,910
881,-0.352277626412788,1601.9940307251,911
882,-0.18694995212297,1715.98035717236,912
883,-0.298792031804554,1664.82027898859,913
884,-0.328936817842721,1635.56733297744,914
885,-0.233224566519041,1682.54324793026,915
886,-0.141704114913744,1747.15498224138,916
887,0.239690502187561,2005.99070275287,917
888,0.234467786157075,2004.394272566,918
889,0.444757288457383,2101.87703748343,919
890,0.374112019511738,2065.5150272675,920
891,0.30418371098723,2048.50749992588,921
892,0.207314847256774,2014.38581742894,922
893,0.0334195268614264,1945.8500001257,923
894,0.20776653728588,2056.11363569274,924
895,0.104864029478826,2024.48095746218,925
896,0.220003261261722,2109.24763413541,926
897,0.0889984184101116,2071.21585437078,927
898,-0.0558930595658744,2024.90003920095,928
899,0.221381741662792,2141.59899872828,929
900,0.750540543927323,2403.99961374621,930
901,0.451782803186831,2294.51237027007,931
902,0.864401595839175,2398.18625625258,932
903,0.656744859861804,2306.56402817136,933
904,0.488060308963622,2251.02023956886,934
905,0.283812973805319,2184.48561305074,935
906,0.347264934498314,2243.69550515185,936
907,0.352924648022674,2279.44251414523,937
908,0.299741883892732,2242.08823038356,938
909,0.400487091991277,2263.6349714913,939
910,0.269667202912199,2205.39622956894,940
911,0.990404768205341,2322.91649481612,941
912,1.06487369075695,2340.94472376694,942
913,1.7902803241055,2433.87246104156,943
914,1.40293180658955,2329.58036847666,944
915,1.79244212785305,2399.99289844181,945
916,2.04996181092383,2450.75597419006,946
917,1.90413186764314,2423.60060523208,947
918,1.45327888301561,2286.12281365785,948
919,0.619523175521633,1993.48467336998,949
920,0.667458195293902,2011.89077917051,950
921,0.606966576309205,2020.57638584538,951
922,0.778003316390919,2061.52101014524,952
923,0.764186711654344,2057.49424131104,953
924,0.873484700790088,2086.26480429692,954
925,1.29948504029224,2190.60777073009,955
926,0.693938617584027,2003.04699291926,956
927,0.793991081736058,2036.83532995914,957
928,0.422780796794721,1924.91504069478,958
929,0.259600279482448,1866.95390467027,959
930,0.409607988344185,1930.36632719167,960
931,0.269325092349843,1901.68781263799,961
932,-0.0389683166157174,1799.74070681485,962
933,0.125127998152906,1843.62619389732,963
934,-0.0934930001264276,1769.11874902124,964
935,0.0466869477789407,1781.4312922309,965
936,-0.00171439506729065,1756.06591542368,966
937,0.0512061873411673,1774.6595595168,967
938,0.0246614625794219,1790.64189892178,968
939,-0.0531978294243215,1777.58602544851,969
940,0.118176788487685,1829.82055617318,970
941,0.0991608015153209,1820.93782804497,971
942,0.102175289893137,1797.11070412762,972
943,0.0894067203577185,1803.77266686853,973
944,0.115165883257909,1814.1669219145,974
945,0.177195201441276,1819.92542823945,975
946,0.134606277567561,1824.05933406897,976
947,0.340673657902934,1903.6146976153,977
948,0.436047824496724,1932.21231920213,978
949,0.337591597992918,1905.79134916895,979
950,0.289889123803123,1885.88818197896,980
951,0.241209231901389,1866.41655167685,981
952,0.345005052413519,1920.03602354971,982
953,0.19006974524898,1876.96000956637,983
954,0.185422649558575,1879.01728613686,984
955,0.223216198025086,1894.51081283376,985
956,0.181277309918532,1880.51817975663,986
957,0.204798949563851,1902.67535646822,987
958,0.348340110920405,1931.29286715336,988
959,0.424958960217998,1975.46296567316,989
960,0.520151310723879,1996.57384534636,990
961,0.643744374570232,2009.06131761946,991
962,0.507763588309942,1977.63522559867,992
963,0.396956607384483,1945.51601230732,993
964,0.401350656920387,1949.44988870924,994
965,0.34777627226916,1939.53980371023,995
966,0.588878850063082,1980.48581336161,996
967,0.68800833102841,2012.63528539238,997
968,1.04754495014532,2131.86950814941,998
969,1.06769514497835,2148.56226366554,999
970,1.07235159786122,2180.01556571792,1000
971,1.20117636816423,2244.75196544904,1001
972,1.35779375081286,2334.95788394025,1002
973,1.45074677596627,2364.81181196137,1003
974,1.83239199455481,2476.63438168841,1004
975,1.78753063365621,2471.91059672583,1005
976,1.81139462954983,2488.04826833829,1006
977,1.802169782626,2477.5067252921,1007
978,1.82447434253479,2509.03515485102,1008
979,2.3012717140115,2784.68707897121,1009
980,2.44061441826588,2858.34562156175,1010
981,2.0397370472456,2695.71270537963,1011
982,2.33829508999143,2807.57202325432,1012
983,1.32379034085542,2468.65248749184,1013
984,1.0218524748421,2369.70515454364,1014
985,1.15916590370397,2423.71919664942,1015
986,1.13537385979054,2417.69875884011,1016
987,1.3249541367096,2513.40893751748,1017
988,1.73617698572492,2694.51663988278,1018
989,1.2974103819591,2532.80127029087,1019
990,0.84241956259963,2365.92780902451,1020
991,0.657053799208226,2308.03073100187,1021
992,0.78735820802662,2370.20214896873,1022
993,0.627712117610744,2297.09021345502,1023
994,0.746546484596432,2359.49097162759,1024
995,0.724595070426485,2342.94825815019,1025
996,0.95427219087982,2458.1351701902,1026
997,1.04768669969526,2505.54390715748,1027
998,0.85425534239473,2425.57211905285,1028
999,0.741540663443569,2386.12438440736,1029
1000,0.4637396247666,2288.75419429956,1030
1001,0.415855025343492,2277.76439823417,1031
1002,0.180984871702472,2192.66703788505,1032
1003,0.240993810098449,2256.74410937417,1033
1004,0.161789133116569,2249.87028038891,1034
1005,0.0588904996297408,2204.39425344582,1035
1006,0.0643263128223894,2218.84937885383,1036
1007,-0.00248611341057114,2191.18609169947,1037
1008,0.0188161269830043,2211.67946322213,1038
1009,-0.0568001543167267,2168.47559419885,1039
1010,-0.0740220822013267,2178.96714300797,1040
1011,-0.408244740132327,2020.38622963101,1041
1012,-0.457587685973719,2001.01640806805,1042
1013,-0.456252677705558,1966.82939565662,1043
1014,-0.508486539801073,1940.38853462295,1044
1015,-0.269679747535902,1922.60781897461,1045
1016,-0.231465401301536,1936.29628969982,1046
1017,-0.205924141183337,1964.97690856473,1047
1018,-0.1976907303223,1970.12372940131,1048
1019,-0.237442775287776,1971.84595961322,1049
1020,-0.336495641763866,1938.75021654492,1050
1021,-0.239775140149606,1964.05108524328,1051
1022,-0.0432919531996835,1993.54386318927,1052
1023,-0.140840842180583,1947.04297896301,1053
1024,-0.197266508425874,1933.72666426818,1054
1025,0.0645982172913444,2035.76957855756,1055
1026,-0.0178493727685277,2014.40601845614,1056
1027,-0.113822062940668,1964.56204008655,1057
1028,-0.16467035188909,1965.74789615203,1058
1029,-0.270387952889311,1922.65563593964,1059
1030,-0.147296742490994,1962.27217462663,1060
1031,-0.122219946469523,1968.4952576549,1061
1032,-0.0975801194768902,1965.76741890392,1062
1033,-0.00461640145358611,2020.29288785818,1063
1034,-0.0277252019668993,1992.3214212798,1064
1035,-0.153267723556938,1954.63918714852,1065
1036,-0.23280151823134,1927.75937506885,1066
1037,-0.147303046185518,1953.31488011828,1067
1038,-0.297404872530617,1890.31385363568,1068
1039,-0.26937641629772,1896.71286590541,1069
1040,-0.270592465910625,1908.05871474405,1070
1041,-0.164011056949515,1937.27764116317,1071
1042,-0.149420768111141,1960.74127742887,1072
1043,-0.0275113290090789,1968.43813206774,1073
1044,0.155589906330235,2064.4893084427,1074
1045,0.334727292181384,2101.36435683426,1075
1046,0.0404227903251058,1994.70757411859,1076
1047,0.101156030660021,2022.42529875403,1077
1048,0.00249997201440766,1982.54096129965,1078
1049,-0.0214535074957813,1990.00024342868,1079
1050,0.0339599009585312,2022.46147223458,1080
1051,-0.0503862447618132,1994.93453931334,1081
1052,-0.0407820297800362,2000.97670074767,1082
1053,-0.115518232876159,1970.49854257503,1083
1054,-0.19522432390797,1934.69945151629,1084
1055,-0.0201468354097682,1991.75882438134,1085
1056,-0.166222901441553,1930.19429768051,1086
1057,-0.396701315245291,1836.94119067294,1087
1058,-0.373808235263659,1854.24037976628,1088
1059,-0.288373357921892,1862.97068802607,1089
1060,-0.417868106341546,1807.42972772207,1090
1061,-0.417461132186352,1790.46679901278,1091
1062,-0.315760325236561,1883.63775551628,1092
1063,-0.281159092047259,1905.52104046577,1093
1064,-0.227520292797994,1929.02142494357,1094
1065,-0.273317266180769,1924.81105139156,1095
1066,-0.14078124367994,1972.77937972696,1096
1067,-0.120309531064054,1986.9318753293,1097
1068,-0.195892346993153,1946.47423320031,1098
1069,-0.211005537192255,1945.22212814905,1099
1070,-0.0944447322078978,1960.21848067276,1100
1071,-0.136784348054378,1939.71286768998,1101
1072,-0.10581563299279,1969.97584857308,1102
1073,-0.130652597808079,1964.90712757816,1103
1074,-0.0503495746102612,2036.1254061656,1104
1075,-0.0618510965416726,2021.96342260759,1105
1076,-0.198779809077291,1976.72989120059,1106
1077,-0.215990417309311,1969.51736992932,1107
1078,0.0472870059882731,1987.56488871184,1108
1079,-0.00479868090672164,1973.47297174318,1109
1080,0.133650126382169,2019.08643905709,1110
1081,0.347751334245178,2157.1707702608,1111
1082,0.245520302331585,2126.33627267247,1112
1083,0.230652568008395,2113.81504825391,1113
1084,0.155897366870944,2083.65760839279,1114
1085,-0.0350660047551316,2001.58207492966,1115
1086,-0.0228813776232032,1986.78263163967,1116
1087,-0.118877726770252,1955.03389531562,1117
1088,0.102712702457024,2018.46055904724,1118
1089,0.220199437959329,2015.37619594822,1119
1090,0.151320674096683,1995.25845839708,1120
1091,0.136119550489812,1985.50173969607,1121
1092,0.293100069869012,2016.70052333669,1122
1093,0.529512869955524,2098.90029245073,1123
1094,0.262600180691114,2018.7117483612,1124
1095,0.152520959395297,1982.3694544597,1125
1096,0.124655493831974,1979.62420758224,1126
1097,0.073219313356673,1966.40940525028,1127
1098,-0.0577139913816199,1920.94454986749,1128
1099,-0.0472878421800711,1934.92809186388,1129
1100,0.111526179203755,1977.42261891801,1130
1101,0.0953031249962946,1972.69754943411,1131
1102,-0.0247881550472444,1920.98119586373,1132
1103,0.0318783117113457,1935.49830405935,1133
1104,-0.232956963021344,1840.76512754464,1134
1105,-0.177574872033131,1873.63486272974,1135
1106,-0.19701921328217,1899.28024330978,1136
1107,-0.143495509932258,1915.48908923168,1137
1108,-0.133141447457143,1921.16211850384,1138
1109,-0.132056949670659,1918.74295656135,1139
1110,-0.209057691404589,1880.86443862323,1140
1111,-0.2034496502785,1883.15522360628,1141
1112,-0.318472356448301,1835.70964138969,1142
1113,-0.491079685797539,1759.10664245494,1143
1114,-0.502103354138575,1749.37030896499,1144
1115,-0.453966252635851,1774.91966233173,1145
1116,-0.370471050691072,1818.88707211699,1146
1117,-0.230398150200205,1819.66044383436,1147
1118,-0.218615851185004,1809.74676032238,1148
1119,-0.227325543560084,1799.65520005437,1149
1120,-0.39126365288441,1734.75379485424,1150
1121,-0.370716569646025,1729.18893481586,1151
1122,-0.392410321252753,1714.89849688569,1152
1123,-0.411227412076773,1699.35132311945,1153
1124,-0.4135049114054,1699.51643550306,1154
1125,-0.503863688859307,1661.76780694963,1155
1126,-0.535659895272114,1645.81667932797,1156
1127,-0.444321465951817,1703.67491475884,1157
1128,-0.455814659864015,1700.20823684389,1158
1129,-0.434688123581175,1713.62830511348,1159
1130,-0.45206369141105,1692.19719340534,1160
1131,-0.42887494793873,1718.53993801531,1161
1132,-0.423729991348018,1731.40108098319,1162
1133,-0.435557528653701,1723.57157386104,1163
1134,-0.370346271756563,1728.17236687102,1164
1135,-0.349613927348186,1742.87340433573,1165
1136,-0.191849008919257,1759.45206538714,1166
1137,-0.283553539298898,1728.00784530176,1167
1138,-0.365619561561747,1706.17826828531,1168
1139,-0.357767857371786,1714.8788591671,1169
1140,-0.38175011854674,1704.3113280283,1170
1141,-0.444417625804595,1670.47499328989,1171
1142,-0.444369967750897,1648.93616647266,1172
1143,-0.427934654441138,1659.98293696993,1173
1144,-0.255604069765958,1739.33781915161,1174
1145,-0.139913105898477,1784.90662872101,1175
1146,-0.136810946757756,1778.72785725663,1176
1147,-0.118388238762176,1801.86739571201,1177
1148,-0.247208774168027,1757.15216995322,1178
1149,-0.250052592358407,1748.21975728843,1179
1150,-0.154682367072164,1785.23253982865,1180
1151,-0.170676772204826,1769.86143526893,1181
1152,0.0767965427617663,1838.42542685654,1182
1153,0.209911024777534,1887.70584903325,1183
1154,0.268078119149661,1899.58429133795,1184
1155,0.362289071694903,1922.66681565066,1185
1156,0.48581632600322,1976.43859107861,1186
1157,0.526625347550094,1972.65646077404,1187
1158,0.551983310553757,1971.28203550493,1188
1159,0.300951989553489,1897.683213869,1189
1160,0.369175207742366,1925.44466065303,1190
1161,0.251847182539941,1887.35354802325,1191
1162,0.311235795519132,1887.39832120802,1192
1163,0.229116782121264,1871.57477691626,1193
1164,0.334366817103952,1933.97556161989,1194
1165,0.277479229002096,1906.54361634548,1195
1166,0.489291188183268,1996.47058319864,1196
1167,0.579957594543153,2047.61303324589,1197
1168,0.599652894723538,2056.72894872969,1198
1169,0.594181335241393,2042.92244842861,1199
1170,0.574055474409997,2039.83060416569,1200
1171,0.46894004523379,2005.79553519429,1201
1172,0.615699075196238,2060.28774550226,1202
1173,0.942027777100035,2151.77747517462,1203
1174,1.27110659131496,2245.61143026773,1204
1175,1.40707064130401,2311.11298365394,1205
1176,0.961530452838199,2172.17307220123,1206
1177,0.784319279167667,2122.37912569457,1207
1178,0.871154639816931,2148.06522642074,1208
1179,0.779445980692579,2130.66587902808,1209
1180,1.00043497570517,2199.08806906431,1210
1181,1.00714728659727,2191.0252360981,1211
1182,0.941713912809859,2182.7189122474,1212
1183,1.04787686902343,2206.89576789398,1213
1184,0.883043557559826,2164.80523887906,1214
1185,0.50114421369689,2040.93905029019,1215
1186,0.660783801847138,2110.66487823365,1216
1187,0.621426349174197,2098.66170380547,1217
1188,0.511494900947093,2073.70137884692,1218
1189,0.591704009331243,2093.44268820539,1219
1190,0.594054173256054,2087.39258183583,1220
1191,0.60308052437576,2080.94867330125,1221
1192,0.43257195156569,2024.73477419497,1222
1193,0.506861890853013,2040.2058805994,1223
1194,0.543509431992381,2043.31238552014,1224
1195,0.0669848298465523,1902.48686436166,1225
1196,-0.089774926028972,1853.55722311033,1226
1197,-0.0173363447448033,1869.73438591304,1227
1198,-0.142786902198644,1833.4046484202,1228
1199,-0.166645450786377,1842.91580283681,1229
1200,-0.204453984267472,1827.72950152096,1230
1201,-0.158168067282873,1838.97572107788,1231
1202,-0.187044260447865,1826.29380082708,1232
1203,-0.243297386234538,1792.90993709285,1233
1204,-0.270024282527888,1793.12832891027,1234
1205,-0.258886686970347,1815.30923667722,1235
1206,-0.284325949325674,1813.07781802084,1236
1207,-0.331853188267632,1803.97659774811,1237
1208,-0.243781589205101,1845.14177892746,1238
1209,-0.253233844965224,1837.85410048244,1239
1210,-0.256614519386055,1840.11955788974,1240
1211,-0.283002310262623,1831.96827973458,1241
1212,-0.359411676249601,1800.81699586031,1242
1213,-0.271324040241805,1846.37637380606,1243
1214,-0.267517091678621,1856.95878202112,1244
1215,-0.263942302252339,1858.35156547105,1245
1216,-0.27253058339227,1856.82295934954,1246
1217,-0.188461630688227,1857.28239857637,1247
1218,-0.240420932944724,1849.62286552113,1248
1219,-0.299674569276459,1818.40602217391,1249
1220,-0.321495176657898,1810.53900088201,1250
1221,-0.325138093030737,1809.83176046182,1251
1222,-0.306392402259755,1814.49907592646,1252
1223,-0.283558376513251,1819.45901689688,1253
1224,-0.248076722584717,1822.04128487584,1254
1225,-0.130254432510549,1891.65737907384,1255
1226,0.242995657667983,1913.54605455006,1255
1227,0.192708319280431,1886.39059639527,1255
1228,0.113024758426818,1866.8878455277,1255
1229,0.242770681489092,1908.32046767229,1255
1230,0.276548914156449,1882.55138527567,1255
1231,-0.0892189428742411,1783.6856422434,1255
1232,-0.252118516381197,1735.1888236109,1255
1233,-0.377961816625889,1699.38273339452,1255
1234,-0.31248921557667,1732.71273574683,1255
1235,-0.341387674096419,1729.47432028673,1255
1236,-0.274711107155156,1768.97068827067,1255
1237,-0.170710178107681,1795.53573993509,1255
1238,-0.0782373727346656,1807.190335933,1255
1239,-0.106973378218309,1796.74312193382,1255
1240,-0.128569035685859,1792.0123121328,1255
1241,-0.347481679767956,1762.26211192087,1255
1242,-0.0714148451018581,1813.24942622828,1255
1243,-0.173283506990618,1809.1342375548,1255
1244,0.337998956028354,1824.3749810249,1255
1245,1.14575273813027,1875.12473565463,1255
1246,0.947898227290159,1864.72309427884,1255
1247,0.49800959063365,1846.56309085009,1255
1248,0.563991559079736,1842.70997825723,1255
1249,0.810655526315504,1849.70316359113,1255
1250,0.359759775194363,1837.83350853167,1255
1251,1.26380089371911,1858.85696383369,1255
1252,-0.295467660761247,1796.12408772125,1255
1253,-0.603048879387351,1777.66612396202,1255
1254,-0.787453987879961,1782.70545759027,1255
